{
  "episode_rewards": [
    -11329.119701999993,
    -10460.500609500008,
    -9700.609344000004,
    -11036.240435250003,
    -11616.031300499992,
    -11541.090748500006,
    -10478.69791425,
    -9390.158568749983,
    -7362.041784749993,
    -7561.341744749999
  ],
  "epsilon_history": [
    0.0495,
    0.049005,
    0.04851495,
    0.0480298005,
    0.047549502495,
    0.04707400747005,
    0.0466032673953495,
    0.046137234721396005,
    0.045675862374182044,
    0.04521910375044022
  ]
}