{
  "episode_rewards": [
    -3092.415783,
    -2250.2818102500005,
    -2280.9728857499995,
    -1932.7372605,
    -2146.57490475,
    -2119.2874087499995,
    -2326.0110862499982,
    -2169.3139942499993,
    -1996.8129922499986,
    -3197.016215999999,
    -2239.355187,
    -1999.700810999999,
    -1598.0328134999988,
    -2566.7036054999994,
    -2003.4251775000012,
    -3783.067577999998,
    -2192.055290999999,
    -1805.925597749999,
    -2148.6327975,
    -1736.587781999999,
    -1812.0919184999989,
    -2345.9234242500006,
    -2012.8479277499985,
    -1864.996022249999,
    -2228.419734749999,
    -2782.983203999998,
    -1740.0516929999987,
    -2108.0915010000003,
    -1461.1921424999994,
    -1036.4267452499985,
    -250.43826374999918,
    -539.5762417499991,
    -1396.9420379999983,
    -1542.691169999998,
    274.2581700000009,
    -989.013543749999,
    -827.2809787499989,
    -512.4329527499991,
    -72.74728124999919,
    -777.0307252499994,
    -606.2999377499992,
    -710.4512362499992,
    -1296.7056652499987,
    -1056.119829749999,
    -1168.5659737499996,
    -1447.699958999999,
    -1454.7381434999984,
    -505.09163924999956,
    -724.6629832499983,
    -367.0325662499996,
    -1322.6460029999987,
    -243.63993374999924,
    -1527.8297557499995,
    -1378.6520287499989,
    -367.19001674999885,
    -678.1944847499997,
    -680.4679522499991,
    -637.4170124999994,
    -223.52526449999928,
    -334.9626952499995,
    290.4660067500007,
    -53.45812349999945,
    -969.9657119999989,
    -631.581779249999,
    -551.334262499999,
    -949.7186077499983,
    -488.7300307499994,
    -311.71299524999904,
    -254.67912674999926,
    -1054.600505999998,
    -487.8890684999989,
    -1006.0961872499984,
    -88.17743024999896,
    146.32301700000107,
    1893.6505417500039,
    -1056.5222850000002,
    255.92107275000114,
    42.91188300000165,
    -697.9655587499989,
    -1241.4478972499992,
    -770.7923009999986,
    -255.3126074999991,
    -1335.8240212499984,
    -887.0466869999979,
    -1444.8202334999987,
    1785.8079855000024,
    1027.2416422500016,
    -549.0379867499988,
    -263.110085999999,
    -652.1327482499994,
    -653.4210464999991,
    -1013.7310650000001,
    496.95939450000185,
    215.41141350000072,
    -325.01314799999847,
    -728.5977742499988,
    -737.7402037499999,
    -1994.333514749999,
    -511.1968927499989,
    1272.226527000001
  ],
  "epsilon_history": [
    0.01,
    0.01,
    0.01,
    0.01,
    0.01,
    0.01,
    0.01,
    0.01,
    0.01,
    0.01,
    0.01,
    0.01,
    0.01,
    0.01,
    0.01,
    0.01,
    0.01,
    0.01,
    0.01,
    0.01,
    0.01,
    0.01,
    0.01,
    0.01,
    0.01,
    0.01,
    0.01,
    0.01,
    0.01,
    0.01,
    0.01,
    0.01,
    0.01,
    0.01,
    0.01,
    0.01,
    0.01,
    0.01,
    0.01,
    0.01,
    0.01,
    0.01,
    0.01,
    0.01,
    0.01,
    0.01,
    0.01,
    0.01,
    0.01,
    0.01,
    0.01,
    0.01,
    0.01,
    0.01,
    0.01,
    0.01,
    0.01,
    0.01,
    0.01,
    0.01,
    0.01,
    0.01,
    0.01,
    0.01,
    0.01,
    0.01,
    0.01,
    0.01,
    0.01,
    0.01,
    0.01,
    0.01,
    0.01,
    0.01,
    0.01,
    0.01,
    0.01,
    0.01,
    0.01,
    0.01,
    0.01,
    0.01,
    0.01,
    0.01,
    0.01,
    0.01,
    0.01,
    0.01,
    0.01,
    0.01,
    0.01,
    0.01,
    0.01,
    0.01,
    0.01,
    0.01,
    0.01,
    0.01,
    0.01,
    0.01
  ],
  "td_error_history": [
    0.6030454418217229,
    0.44977586775219563,
    0.4013582730001079,
    0.3497721309776103,
    0.35791027522322105,
    0.4203320036539585,
    0.33587905971983745,
    0.37438359642378133,
    0.3287996218442021,
    0.4168231781145761,
    0.33532693473441716,
    0.34729810057446237,
    0.31403049644979486,
    0.3672623191113907,
    0.2919987919416055,
    0.39899710939480026,
    0.30907216856767744,
    0.3248003907759739,
    0.32238528612416867,
    0.2539818971341657,
    0.2861376888139881,
    0.28173587946421025,
    0.3311097131554769,
    0.26956115733793895,
    0.3477522978884014,
    0.2872799668460319,
    0.3197259667429646,
    0.2739957446209682,
    0.3054645407570744,
    0.4163495887848863,
    0.4922882727048782,
    0.4498016458467638,
    0.45482687627236984,
    0.4934904051028033,
    0.38430250376619957,
    0.4384153588247625,
    0.44191250911222973,
    0.407666156673552,
    0.3823102177324921,
    0.3805167709641862,
    0.41768371499719503,
    0.4281704187155568,
    0.48301122958675347,
    0.4993683828649052,
    0.44812115665575425,
    0.4871896641182071,
    0.4406498390494551,
    0.44448114238938824,
    0.44259889432099503,
    0.42200698004350357,
    0.48460223616947873,
    0.4133355126057721,
    0.48853687497961934,
    0.48265579938040937,
    0.4376930463215152,
    0.4730190702660516,
    0.43063737647825817,
    0.37062424146006434,
    0.3613717336167689,
    0.3693799973006705,
    0.44442188719488174,
    0.4559489416002523,
    0.4607384313057837,
    0.3838247782116938,
    0.36933783965110323,
    0.4314577769011247,
    0.3718855792608751,
    0.40797467792331027,
    0.39020464241036,
    0.4295720384593804,
    0.42428157009419326,
    0.46958467770974366,
    0.43531069960990637,
    0.37992747783475533,
    0.5361666485669694,
    0.4322004370782117,
    0.4685690380142986,
    0.4946910838630418,
    0.4060443256227027,
    0.4772613098923814,
    0.41656057744183966,
    0.4503764946326208,
    0.5086697843507121,
    0.44803472788008636,
    0.45732815521913556,
    0.5562100033871564,
    0.5311475793009738,
    0.4317767717154316,
    0.371890747468428,
    0.47284274645954705,
    0.4380240905626814,
    0.4540152198665492,
    0.5079562835353207,
    0.3310741405299994,
    0.46618292993895555,
    0.45755089313027714,
    0.43051811721751293,
    0.4690500579585901,
    0.4240056195021471,
    0.4265795026912177
  ],
  "val_pnl_history": [
    [
      100,
      834.9783952500001
    ]
  ]
}